especie_key,tipo_especie,nombre_comun,nombre_cientifico,categoria_iucn,categoria_iucn_label,es_amenazada
1,AVES,MARTINICA,PORPHYRULA MARTINICA (LINNAEUS),LC,Preocupación menor,False
2,ARACNIDOS,TARANTULA,ARAÑA POLLERA,NE,No evaluada,False
3,AVES,CHOLIBA,OTUS CHOLIBA,LC,Preocupación menor,False
4,AVES,LORA CABECIAZUL,PIONUS MENSTRUUS,LC,Preocupación menor,False
5,REPTILES,IGUANA,IGUANA IGUANA,LC,Preocupación menor,False
6,MAMIFEROS,HOFFMANNI,CHOLOEPUS HOFFMANNI W.H. PETERS,LC,Preocupación menor,False
7,REPTILES,TORTUGA ICOTEA,TRACHEMYS SCRIPTA,LC,Preocupación menor,False
8,AVES,GUACAMAYEJA,ARA SEVERA,LC,Preocupación menor,False
9,AVES,GUACAMAYA AZUL AMARILLA,ARA ARARAUNA,LC,Preocupación menor,False
10,AVES,GUACAMAYA BANDERA,ARA MACAO,LC,Preocupación menor,False
11,AVES,LORA FRENTIAMARILLA,AMAZONA OCHROCEPHALA,LC,Preocupación menor,False
12,AVES,LORA FRENTIAMARILLA,AMAZONA AMAZONICA,LC,Preocupación menor,False
13,AVES,MOCHO ORELHUDO,RHINOPTYNX CLAMATOR,LC,Preocupación menor,False
14,REPTILES,TORTUGA MORROCOY,GEOCHELONE CARBONARIA,NE,No evaluada,False
15,MAMIFEROS,NOVEMCINCTUS,DASYPUS NOVEMCINCTUS LINNAEUS,LC,Preocupación menor,False
16,MAMIFEROS,NASUA,NASUA NASUA,LC,Preocupación menor,False
17,MAMIFEROS,PUERCO ESPIN,COENDU SP.,NE,No evaluada,False
18,REPTILES,BOA,BOA CONSTRICTOR,LC,Preocupación menor,False
19,MAMIFEROS,NOVENCNCTUS,DASYPUS NOVENCNCTUS,LC,Preocupación menor,False
20,MAMIFEROS,TITI PIEL ROJA,SAGUINUS LEUCOPUS,VU,Vulnerable,True
21,AVES,IGNOBILIS,TURDUS IGNOBILIS,LC,Preocupación menor,False
22,AVES,VITRIOLINA,TANGARA VITRIOLINA,LC,Preocupación menor,False
23,AVES,MIRLA PANTANERA,TURDUS FUSCATER,LC,Preocupación menor,False
24,AVES,TURPIAL,ICTERUS CHRYSATER,LC,Preocupación menor,False
25,AVES,CANARIO SILVESTRE,SICALIS FLAVEOLA,LC,Preocupación menor,False
26,AVES,SPIZA,CHLOROPHANES SPIZA,LC,Preocupación menor,False
27,MAMIFEROS,FLAVUS,POTOS FLAVUS (SCHREBER),LC,Preocupación menor,False
28,AVES,TUCAN CONFITE,RAMPHASTOS SULPHURATUS,NT,Casi amenazada,False
29,AVES,PERICO REAL,BROTOGERIS JUGULARIS,LC,Preocupación menor,False
30,AVES,FLAMINGO ROSADO,PHOENICOPTERUS RUBER,LC,Preocupación menor,False
31,AVES,PERICO REAL,BOTOGERIS JUGULARIS,NE,No evaluada,False
32,AVES,MAGNIROSTRIS,BUTEO MAGNIROSTRIS,LC,Preocupación menor,False
33,REPTILES,TORTUGA PIMPANO,KINOSTERNON SP.,NE,No evaluada,False
34,REPTILES,BABILLA,CAIMAN COCODRYLUS,NE,No evaluada,False
35,MAMIFEROS,MONO MAICERO,CEBUS ALBIFRONS,LC,Preocupación menor,False
36,REPTILES,TORTUGA PALMERA,RHINOCLEMMYS MELANOSTERNA,NE,No evaluada,False
37,MAMIFEROS,LONGICAUDIS ANNECTENS,LUTRA LONGICAUDIS ANNECTENS FORSYTH-MAJOR,NE,No evaluada,False
38,REPTILES,BOA CONSTRICTOR,BOA CONSTRICTOR,LC,Preocupación menor,False
39,MAMIFEROS,PEREZOSO DE ANTIFAZ,BRADYPUS VARIEGATUS,LC,Preocupación menor,False
40,REPTILES,TORTUGA CHARAPA,PODOCNEMYS EXPANSA,NE,No evaluada,False
41,AVES,SULPHURATUS,PITANGUS SULPHURATUS,LC,Preocupación menor,False
42,MAMIFEROS,ZORRO,DUSCICION THOUS,NE,No evaluada,False
43,REPTILES,CORAIS,DRYMARCHON CORAIS MELANURUS,LC,Preocupación menor,False
44,MAMIFEROS,MONO CARIBLANCO,CEBUS CAPUCHINUS,VU,Vulnerable,True
45,MAMIFEROS,GRANATENSIS,SCIURUS GRANATENSIS,LC,Preocupación menor,False
46,AVES,SEGMENTATA SEGMENTATA,UROPSALIS SEGMENTATA SEGMENTATA (CASSIN),LC,Preocupación menor,False
47,AVES,CHILENSIS,VANELLUS CHILENSIS,LC,Preocupación menor,False
48,AVES,AUTUMNALIS,AMAZONA AUTUMNALIS,LC,Preocupación menor,False
49,REPTILES,PETOLAE,OXYRHOPHUS PETOLAE,NE,No evaluada,False
50,AVES,NIGRICANS,SAYORNIS NIGRICANS,LC,Preocupación menor,False
51,AVES,LORA CARISUCIA,ARATINGA PERTINAX,LC,Preocupación menor,False
52,MAMIFEROS,ZARIGÜEYA,CALUROMYS DERBIANUS,LC,Preocupación menor,False
53,MAMIFEROS,SENICULUS SENICULUS,ALOUATTA SENICULUS SENICULUS (LINNAEUS),LC,Preocupación menor,False
54,AVES,SPARVERIUS,FALCO SPARVERIUS,LC,Preocupación menor,False
55,MAMIFEROS,MANO LANUDO,LAGOTHRIX LAGOTRICHA,VU,Vulnerable,True
56,AVES,IBIS,BUBULCUS IBIS,LC,Preocupación menor,False
57,MAMIFEROS,MONO CACHUDO,CEBUS APELLA,LC,Preocupación menor,False
58,AVES,ARICULATA,ZENEIDA ARICULATA,NE,No evaluada,False
59,MAMIFEROS,MONO ARDILLA,SAIMIRI SCIUREUS,LC,Preocupación menor,False
60,REPTILES,ANNULATA,LEPTODEIRA ANNULATA,LC,Preocupación menor,False
61,REPTILES,GEOCHELONE DENTICULATA,GEOCHELONE DENTICULATA,VU,Vulnerable,True
62,AVES,FULIGINOSA,DENDROCINCLA FULIGINOSA,LC,Preocupación menor,False
63,AVES,TZACATL,AMAZILIA TZACATL,LC,Preocupación menor,False
64,AVES,ATRATUS,CORAGYPS ATRATUS,LC,Preocupación menor,False
65,AVES,DESCONOCIDO,DESCONOCIDO,NE,No evaluada,False
66,MAMIFEROS,YAGUARONDI,HERPAILURUS YAGUARONDI,NE,No evaluada,False
67,REPTILES,DESCONOCIDO,SPILOTES SP.,NE,No evaluada,False
68,MAMIFEROS,PERRO VENADERO,SPEOTHOS VENATICUS,NT,Casi amenazada,False
69,REPTILES,MONTICOLA,CHIRONIUS MONTICOLA,LC,Preocupación menor,False
70,MAMIFEROS,PACA,AGOUTI PACA,LC,Preocupación menor,False
71,AVES,LINEATUS,DRYOCOPUS LINEATUS,NE,No evaluada,False
72,MAMIFEROS,PUNCTATA,DASYPROCTA PUNCTATA J.E. GRAY,LC,Preocupación menor,False
73,MAMIFEROS,TIGRILLO,LEOPARDIS WIEDII,NE,No evaluada,False
74,AVES,GAVILAN CAMINERO,RUPORNIX MAGNIROSTRI,NE,No evaluada,False
75,CRUSTACEOS,CANGREJO DE MAR,GEOCARCINUS RURICOLA,NE,No evaluada,False
76,CRUSTACEOS,CANGREJO DE AGUA DULCE,NEOSTRENGERIA  SP,NE,No evaluada,False
77,MAMIFEROS,ALBIVENTRIS ANDINA,DIDELPHIS ALBIVENTRIS ANDINA J.A. ALLEN,LC,Preocupación menor,False
78,AVES,BUHO DE ANTEOJOS,PULSATRIX PERSPICILLATA,LC,Preocupación menor,False
79,AVES,PRASINU ALBIVITTA,AULACORHYNCHUS PRASINU ALBIVITTA (BOISSONNEAU),LC,Preocupación menor,False
80,AVES,PALOMAS COLLAJERAS,COLUMBA FASCIATA,NE,No evaluada,False
81,MAMIFEROS,PUNCTATA,DASYPROCTA PUNCTATA,LC,Preocupación menor,False
82,ESPECIMENES,BOA CONSTRICTOR,BOA CONSTRICTOR,LC,Preocupación menor,False
83,REPTILES,TORTUGA MORDEDORA,CHELYDRA SERPENTINA,LC,Preocupación menor,False
84,ESPECIMENES,CUSUMBO,NASAU NASAU,NE,No evaluada,False
85,AVES,CONSPICILLATUS,FORPUS CONSPICILLATUS  SUBSP. PERQUITO,LC,Preocupación menor,False
86,AVES,COMPAS,MELANERPES RUBRICAPILLUS,LC,Preocupación menor,False
87,AVES,PISINGOS,DENDROCYGNA AUTUMNALIS,LC,Preocupación menor,False
88,AVES,WAGLERI,ARATINGA WAGLERI,NE,No evaluada,False
89,ESPECIMENES,PERRO DE MONTE,POTOS FLAVUS,LC,Preocupación menor,False
90,REPTILES,LOVERIDGEI,ATRACTUS LOVERIDGEI,DD,Datos insuficientes,False
91,REPTILES,SERPIENTE RABO DE AJI,LAMPROPELTIS TRIANGULUM,LC,Preocupación menor,False
92,REPTILES,CLELIA CLELIA,CLELIA CLELIA,LC,Preocupación menor,False
93,MAMIFEROS,HORMIGUERO,TAMANDUA TETRADACTYLA,LC,Preocupación menor,False
94,REPTILES,BIVITTATUS,DENDROPHIDION BIVITTATUS,LC,Preocupación menor,False
95,MAMIFEROS,MONO ARAÑA,ATELES BELZEBUTH,EN,En peligro,True
96,MAMIFEROS,TIGRINA,FELIS TIGRINA,NE,No evaluada,False
97,MAMIFEROS,LEMORINUS LEMORINUS,AOTUS LEMORINUS LEMORINUS (E. GEFFROY - ST. HILAIRE),VU,Vulnerable,True
98,AVES,AEDON,TROGLODYTES AEDON,LC,Preocupación menor,False
99,AVES,CARIPENSIS,STEATORNIS CARIPENSIS HUMBOLDT,LC,Preocupación menor,False
100,AVES,GILVUS,MIMUS GILVUS,LC,Preocupación menor,False
101,AVES,ARRENDAJO,CACICUS CELA,LC,Preocupación menor,False
102,AVES,RAMPHASTINUS,SEMNORNIS RAMPHASTINUS,NT,Casi amenazada,False
103,AVES,TURPIAL GUAJIRO TOCHE,ICTERUS ICTERUS,LC,Preocupación menor,False
104,AVES,AZULEJO,TRHAUPIS EPISCOPUS,NE,No evaluada,False
105,ESPECIMENES,MANTARAYA,MANTA RAYA,NE,No evaluada,False
106,ESPECIMENES,CAPARAZON TORTUGA,CAPARAZON TORTUGA,NE,No evaluada,False
107,MAMIFEROS,VIRGINIANUS,ODOCOILEUS VIRGINIANUS (ZIMMERMAN),LC,Preocupación menor,False
108,MOLUSCOS,CARACOLES,SPROPHOCHEILUS OBLONGUS,NE,No evaluada,False
109,ESPECIMENES,PACARANA,DINOMIYS BRANIICKII,NE,No evaluada,False
110,ESPECIMENES,ARMADILLO,DASYPUS NOVENMCINTUS,LC,Preocupación menor,False
111,MAMIFEROS,CHIGÜIRO,HYDROCHAERIS HYDROCHAERIS,LC,Preocupación menor,False
112,AVES,LORA OJIPLATA,AMAZONA FARINOSA,LC,Preocupación menor,False
113,MAMIFEROS,BRANICKII,DINOMYS BRANICKII,LC,Preocupación menor,False
114,AVES,PERSPICAX,PENELOPE PERSPICAX,VU,Vulnerable,True
115,AVES,RUSTICA,HIRUNDO RUSTICA,LC,Preocupación menor,False
116,AVES,GUACAMAYA ROJA,ARA CHLOROPTERA,LC,Preocupación menor,False
117,ANFIBIOS,RANA TORO,RANA CASTESBEIANA,NE,No evaluada,False
118,ANFIBIOS,MARINUS,BUFO MARINUS,NE,No evaluada,False
119,AVES,AVESTRUS,ESTRUTIO CAMELUS,NE,No evaluada,False
120,MAMIFEROS,THOUS,CERDOCYON THOUS,LC,Preocupación menor,False
121,ESPECIMENES,IGUANA,IGUANA IGUANA,LC,Preocupación menor,False
122,AVES,LANIIROSTRIS,EUPHONIA LANIIROSTRIS,LC,Preocupación menor,False
123,MAMIFEROS,RUFINA,MAZAMA RUFINA BOURCIER & PUCHERÁN,VU,Vulnerable,True
124,REPTILES,ANNULATA,LEPTODEIRA ANNULATA CF.,LC,Preocupación menor,False
125,AVES,EPISCOPUS,THRAUPIS EPISCOPUS,LC,Preocupación menor,False
126,MAMIFEROS,MARSUPIALIS,DIDELPHIS MARSUPIALIS,LC,Preocupación menor,False
127,AVES,MOMOTA,MOMOTUS MOMOTA,LC,Preocupación menor,False
128,MAMIFEROS,MURCIELAGO,NOCTILIO ALBIVENTRIS,LC,Preocupación menor,False
129,REPTILES,CAMALEON,CAMALEON,NE,No evaluada,False
130,REPTILES,CHLORIS,ANOLIS CHLORIS,LC,Preocupación menor,False
131,AVES,AZULEJO,THRAUPIS EPISCOPUS,LC,Preocupación menor,False
132,AVES,LONGIROSTRIS RUFICERVIX,CAPRIMULGUS LONGIROSTRIS RUFICERVIX (P.L. SCLATER),NE,No evaluada,False
133,REPTILES,DESCONOCIDO,LEPIDOBLEPHARIS SP.,NE,No evaluada,False
134,AVES,ALBA,TYTO ALBA,LC,Preocupación menor,False
135,REPTILES,SERPIENTE CASCABEL,CROTALUS DIRUSSUS,NE,No evaluada,False
136,AVES,JACULA,HELIODOXA JACULA,LC,Preocupación menor,False
137,AVES,TINGUA NEGRUZCA,PARDIRALLUS NIGRACANS,LC,Preocupación menor,False
138,MAMIFEROS,TITI PIEL ROJA,SAGUINUS OEDIPUS,CR,En peligro crítico,True
139,MAMIFEROS,TIGRILLO,LEOPARDUS TIGRINUS,VU,Vulnerable,True
140,AVES,MELANOLEUCUS AUSTRALIS,GERANOAETUS MELANOLEUCUS AUSTRALIS SWANN,LC,Preocupación menor,False
141,REPTILES,PERCARINATUM,DENDROPHIDION PERCARINATUM,LC,Preocupación menor,False
142,MAMIFEROS,TITI BEBE LECHE,SAGUINUS FUSCICOLLIS,LC,Preocupación menor,False
143,ESPECIMENES,SERPIENTE CASCABEL,CROTALUS DURISSUS,LC,Preocupación menor,False
144,AVES,HAEMATOPYGUS,AULACORHYNCHUS HAEMATOPYGUS,LC,Preocupación menor,False
145,ARACNIDOS,TARANTULA,TARANTULA,NE,No evaluada,False
146,AVES,COTORRA ALIROJA,ARATINGA LEUCOPHTALMUS,LC,Preocupación menor,False
147,AVES,POECILURUS POECILURUS,KNIPOLEGUS POECILURUS POECILURUS (P.L. SCLATER),LC,Preocupación menor,False
148,AVES,SWAINSONII,RAMPHASTOS SWAINSONII,LC,Preocupación menor,False
149,AVES,CHALCOPTERUS,PIONUS CHALCOPTERUS,LC,Preocupación menor,False
150,ANFIBIOS,DESCONOCIDO,INDETERMINADA SP.,NE,No evaluada,False
151,REPTILES,FALSA CORAL,ERYTHROLAMPRUS  BIZONA,LC,Preocupación menor,False
152,AVES,STYGIUS ROBUSTUS,ASIO STYGIUS ROBUSTUS KELSO,LC,Preocupación menor,False
153,AVES,CHIMACHIMA,MILVALGO CHIMACHIMA,NE,No evaluada,False
154,AVES,GRISEUS,NYCTIBIUS GRISEUS,LC,Preocupación menor,False
155,AVES,CAROLIENSIS,CAPRIMULGUS CAROLIENSIS GMELIN,NT,Casi amenazada,False
156,AVES,YNCAS,CYANOCORAX YNCAS,LC,Preocupación menor,False
157,AVES,BUHO RAYADO,ASIO CLAMATUR,LC,Preocupación menor,False
158,AVES,COLUMBARIUS,FALCO COLUMBARIUS,LC,Preocupación menor,False
159,AVES,CYANOLEUCA,NOTIOCHELIDON CYANOLEUCA,NE,No evaluada,False
160,AVES,INSEPARABLE,AGAPORNIS PERSONATA,LC,Preocupación menor,False
161,ANFIBIOS,SALAMANDRA,SALAMANDRA SALAMANDRA,VU,Vulnerable,True
162,AVES,MELANOLEUCUS,CAMPEPHILUS MELANOLEUCUS,LC,Preocupación menor,False
163,AVES,TORQUATA,CERYLE TORQUATA,LC,Preocupación menor,False
164,AVES,ALBITARSUS,CICCABA ALBITARSUS (BONAPARTE),LC,Preocupación menor,False
165,MAMIFEROS,GRANATENSIS QUINDIANUS,SCIURUS GRANATENSIS QUINDIANUS (J.A. ALLEN),LC,Preocupación menor,False
166,AVES,FASCIATA ALBILINEA,COLUMBA FASCIATA ALBILINEA BONAPARTE,NE,No evaluada,False
167,ESPECIMENES,BABILLA DISECADA,CAIMA COCODRILUS,NE,No evaluada,False
168,ESPECIMENES,DANTA,TAPIRUS TERRESTRIS,VU,Vulnerable,True
169,ESPECIMENES,TIGRILLO (PIEL),FELIX PARDALIS,NE,No evaluada,False
170,ESPECIMENES,VENADO (PIEL),MAZAMA RUFINA,VU,Vulnerable,True
171,AVES,AVESTRUZ,STRUTHIO CAMELIUS,LC,Preocupación menor,False
172,AVES,RUBINUS,PYROCEPHALUS RUBINUS,LC,Preocupación menor,False
173,ESPECIMENES,LEON,PANTHERA LEO,VU,Vulnerable,True
174,MAMIFEROS,TIGRILLO (PIEL),LEOPARDUS PARDALIS,LC,Preocupación menor,False
175,AVES,BRISSONII,CYANOCOMPSA BRISSONII,LC,Preocupación menor,False
176,AVES,PERUVIANA,RUPICOLA PERUVIANA,LC,Preocupación menor,False
177,AVES,CORCOMORAN NEOTROPICAL,PHALACROCORAX BRASILIANUS,LC,Preocupación menor,False
178,AVES,VERMICULATUS,OTUS (VERMICULATUS?),NE,No evaluada,False
179,AVES,PUNCTIGULA,CHRYSOPTILUS PUNCTIGULA,NE,No evaluada,False
180,REPTILES,GALERITUS,BASILISCUS GALERITUS,LC,Preocupación menor,False
181,MAMIFEROS,TAMARINO GEOFFROYI,SAGUINUS GEOFFROYI,NT,Casi amenazada,False
182,AVES,SUIRIRI CARIBLANCO,DENDROCYGNA VIUDATA,LC,Preocupación menor,False
183,REPTILES,SERPIENTE,IMANTODES CENCHOA,LC,Preocupación menor,False
184,ESPECIMENES,CONCHAS DE CARACOL,HELIX ASPERSA,NE,No evaluada,False
185,MOLUSCOS,CARACOL COMUN DE JARDIN,HELIX ASPERSA,NE,No evaluada,False
186,PRODUCTOS,IGUANA (HUEVOS),IGUANA IGUANA,LC,Preocupación menor,False
187,AVES,CINNAMOMEA,PYRRHOMYIAS CINNAMOMEA,LC,Preocupación menor,False
188,ESPECIMENES,AGUILA,PANDION ALIAETUS,NE,No evaluada,False
189,AVES,PLATYPTERUS,BUTEO PLATYPTERUS,LC,Preocupación menor,False
190,MAMIFEROS,GUAGUA LOBA,DINOMYS BRANICKII,LC,Preocupación menor,False
191,AVES,IBIS NEGRO,MESEMBRINISBIS CAYANNENSIS,NE,No evaluada,False
192,AVES,PRINCEPS,LEUCOPTERNIS PRINCEPS,LC,Preocupación menor,False
193,ESPECIMENES,PICO DE TUCAN,RAMPHASTOS SP,NE,No evaluada,False
194,AVES,TALPACOTI,COLUMBINA TALPACOTI,LC,Preocupación menor,False
195,AVES,ZONARIS,STREPTOPROCNE ZONARIS,LC,Preocupación menor,False
196,REPTILES,OJO DE GATO,LEPTODEIRA SEPTENTRIONALI,LC,Preocupación menor,False
197,AVES,ALCARAVAN,BURHINUS BISTRATUS,LC,Preocupación menor,False
198,AVES,HALIAETUS,PANDION HALIAETUS,LC,Preocupación menor,False
199,AVES,HALCON APLOMADO,FALCO FEMORALIS,LC,Preocupación menor,False
200,AVES,CARACARA,CARACARA PLANCUS,LC,Preocupación menor,False
201,MAMIFEROS,THOUS SUBSP.,CERDOCYON THOUS SUBSP.,LC,Preocupación menor,False
202,REPTILES,HICOTEA,TRACHEMYS CALLIROSTRIS,NE,No evaluada,False
203,ARACNIDOS,ARAÑA TIGRE,ARAGIOPE BRUENNICHI,NE,No evaluada,False
204,MAMIFEROS,CONEJO SILVESTRE,SYLVILAGUS BRASILIENSIS,EN,En peligro,True
205,REPTILES,SCHLEGELLII,BOTHROPS SCHLEGELLII,NE,No evaluada,False
206,AVES,ARTHUS,TANGARA ARTHUS,LC,Preocupación menor,False
207,AVES,GUARAUNA,ARAMUS GUARAUNA,LC,Preocupación menor,False
208,ESPECIMENES,TORTUGA HICOTEA,TRACHEMYS SCRIPTA,LC,Preocupación menor,False
209,REPTILES,CAZADORA VERDE,LEPTOPHIS AHAETULLA,LC,Preocupación menor,False
210,AVES,VIRGATA,CICCABA VIRGATA,LC,Preocupación menor,False
211,AVES,FRANCIAE,AMAZILIA FRANCIAE,LC,Preocupación menor,False
212,ANFIBIOS,DESCONOCIDO,BOLITOGLOSSA SP.,NE,No evaluada,False
213,AVES,PATO DE TORRENTE,MARGANETTA ARMATA,NE,No evaluada,False
214,AVES,GUACAMAYA VERDE,ARA MILITARIS,VU,Vulnerable,True
215,MAMIFEROS,MARTEJA,AOTUS TRIVIGATUS,LC,Preocupación menor,False
216,AVES,GOUDOTII,CHAMAEPETES GOUDOTII,LC,Preocupación menor,False
217,AVES,CURRUCUTU,MEGASCOPS CHOLIBA,LC,Preocupación menor,False
218,MAMIFEROS,SP. (FRENATA O FELIPEI),MUSTELA SP. (FRENATA O FELIPEI),NE,No evaluada,False
219,ARTROPODOS,ARTROPODOS,PHYLLIUM SP,NE,No evaluada,False
220,AVES,TUMULTUOSUS SENILOIDES,PIONUS TUMULTUOSUS SENILOIDES (MASSENA & SOUANCÉ),LC,Preocupación menor,False
221,ANFIBIOS,AUREOGUTTATUM,HYALINOBATRACHIUM AUREOGUTTATUM,LC,Preocupación menor,False
222,AVES,ABURRI,ABURRIA ABURRI,LC,Preocupación menor,False
223,ESPECIMENES,YAGUARONDI,YAFUARONDI,NE,No evaluada,False
224,REPTILES,TORTUGA MORROCOY,CHELONOIDIS CARBONARIA,NE,No evaluada,False
225,AVES,BRACHYURA,CHAETURA BRACHYURA,LC,Preocupación menor,False
226,MAMIFEROS,FULIGINOSA CANDELENSIS,DASYPROCTA FULIGINOSA CANDELENSIS J.A. ALLEN,LC,Preocupación menor,False
227,REPTILES,CARINATUS,CHIRONIUS CARINATUS,LC,Preocupación menor,False
228,AVES,PAUJIL,CRAX TORMENTOSA,NE,No evaluada,False
229,MAMIFEROS,AEMADILLO ZAPILOTE O COLA DESNUDA,CABASSOUS INICINTUS,NE,No evaluada,False
230,AVES,ANI,CROTOPHAGA ANI,LC,Preocupación menor,False
231,AVES,AMERICANUS,COCCYZUS AMERICANUS,LC,Preocupación menor,False
232,ESPECIMENES,JAGUAR,PANTHERA ONCA,NT,Casi amenazada,False
233,AVES,MELANOLEUCOS MALHERBII,CAMPEPHILUS MELANOLEUCOS MALHERBII (G.R. GRAY),LC,Preocupación menor,False
234,REPTILES,DESCONOCIDO,PORTHIDIUM NASUTUM,LC,Preocupación menor,False
235,REPTILES,BODDAERTHI,MASTIGODRYAS BODDAERTHI,LC,Preocupación menor,False
236,CRUSTACEOS,AEGLAE SP,CANGREJO,NE,No evaluada,False
237,AVES,NYCTICORAX,NYCTICORAX NYCTICORAX,LC,Preocupación menor,False
238,MAMIFEROS,MONO ARAÑA,ATELES HYBRIDUS,CR,En peligro crítico,True
239,ESPECIMENES,ARDILLA,SCIURUS GRANATENSIS,LC,Preocupación menor,False
240,AVES,PAVA,ORTALIS MOTMOT,LC,Preocupación menor,False
241,MOLUSCOS,CARACOL ROMANO,HELIX POMATIA,LC,Preocupación menor,False
242,MAMIFEROS,PUERCO ESPIN,ATELERIX ALBIVENTRIS,LC,Preocupación menor,False
243,REPTILES,MIPARTITUS,MICRURUS MIPARTITUS,LC,Preocupación menor,False
244,AVES,CARPINTERO REAL,COLOPTES MELANOCHLOROS,NE,No evaluada,False
245,ARACNIDOS,ARAÑA DE JARDIN O TIGRE,ARANEUS DIADEMATOS,NE,No evaluada,False
246,MAMIFEROS,MURCIELAGO,CHIROPTERA SP.,NE,No evaluada,False
247,AVES,SENILIS,MYORNIS SENILIS (LA FRESNAYE),LC,Preocupación menor,False
248,MAMIFEROS,ZORRO CANGREJERO,CERDOCYON THOUS,LC,Preocupación menor,False
249,AVES,GARCITA AZULADA O RAYADA,BUTERIDES STRIATA,NE,No evaluada,False
250,AVES,CRISTATER,ICTERUS CRISTATER,NE,No evaluada,False
251,AVES,COCOI,ARDEA COCOI,LC,Preocupación menor,False
252,AVES,AÍBICOLLIS,SALTATOR AÍBICOLLIS,NE,No evaluada,False
253,AVES,PALOMA COLLAREJA,STREPTOPELIA DECAOCTO,LC,Preocupación menor,False
254,AVES,GUACAMAYA VERDE LIMON,ARA AMBIGUA,CR,En peligro crítico,True
255,AVES,COTORRA LLANERA COTORRA PECHIBLANCA,PIONITES MELANOCEPHALA,LC,Preocupación menor,False
256,AVES,DIMIDIATUS,RAMPHOCELUS DIMIDIATUS,LC,Preocupación menor,False
257,AVES,ICTERONOTUS,RAMPHOCELUS ICTERONOTUS,NE,No evaluada,False
258,AVES,TANGARA DE PALMERA,THRAUPIS PALMARUM,LC,Preocupación menor,False
259,AVES,FLAVA,PIRANGA FLAVA,LC,Preocupación menor,False
260,REPTILES,BOS CONSTRICTOR,BOA CONSTRICTOR,LC,Preocupación menor,False
261,ESPECIMENES,CHIGUIRO,HIDROCHAERIS HIDROCHAERIS,NE,No evaluada,False
262,ESPECIMENES,JAGUAR,PANTHERA LEO,VU,Vulnerable,True
263,MAMIFEROS,MONO ARAÑA,ATELES FUSCICEPS,EN,En peligro,True
264,AVES,ARMATA,MERGANETTA ARMATA,LC,Preocupación menor,False
265,AVES,ALBOGULARIS ALBOGULARIS,OTUS ALBOGULARIS ALBOGULARIS (CASSIN),LC,Preocupación menor,False
266,AVES,INFUSCATUS,PHIMOSUS INFUSCATUS,LC,Preocupación menor,False
267,MOLUSCOS,CARACOL,MEGALONULIM OBLONGUS,NE,No evaluada,False
268,AVES,AMAZONA FESTIVA,AMAZONA FESTIVA,LC,Preocupación menor,False
269,MAMIFEROS,TAMANDUA,TAMANDUA MEXICANA,LC,Preocupación menor,False
270,AVES,GARCETA AZUL,AGRETTA CAERULES,NE,No evaluada,False
271,REPTILES,PITON REAL,PYTHON REGIUS,NT,Casi amenazada,False
272,MAMIFEROS,DESCONOCIDO,MARMOSA SP.,NE,No evaluada,False
273,AVES,COLIBRI COLIMORADO,AMAZILIA VIRIDIGASTER,LC,Preocupación menor,False
274,REPTILES,TARICAYA,PODOCNEMYS UNIFILIS,NE,No evaluada,False
275,AVES,PICO GORDO LONCHURA,LONCHURA ATRICAPILLA,LC,Preocupación menor,False
276,REPTILES,MATAGANADO,TANTILLA LONGIFRONTALIS,LC,Preocupación menor,False
277,AVES,HERODIAS,ARDEA HERODIAS,LC,Preocupación menor,False
278,MAMIFEROS,TITI COBRIZO,CALLICEBUS CUPREUS,NE,No evaluada,False
279,AVES,GUACHARACA,ORTALIS MOTMOT,LC,Preocupación menor,False
280,ESPECIMENES,PUMA,PUMA CONCOLOR,LC,Preocupación menor,False
281,MAMIFEROS,ARMADILLO COLA DE TRAPO,CABASSOUS CENTRALIS,DD,Datos insuficientes,False
282,AVES,CARPINTERO DE NUTAL,PICOIDES NUTTALLI,LC,Preocupación menor,False
283,ESPECIMENES,TAMANDUA,TAMANDUA MEXICANA,LC,Preocupación menor,False
284,ANFIBIOS,RANA VENENOSA DEL CAUCA,RANITOMEYA BOMBETES,VU,Vulnerable,True
285,REPTILES,DESCONOCIDO,ANOLIS,NE,No evaluada,False
286,REPTILES,CORREDORA,MASTIGODRYAS MELANOLOMUS,LC,Preocupación menor,False
287,AVES,PATO REAL,CAIRINA MOSCHATA,LC,Preocupación menor,False
288,AVES,PRASINUS,AULACORHYNCHUS PRASINUS,LC,Preocupación menor,False
289,REPTILES,NEBULATA,SIBON NEBULATA,LC,Preocupación menor,False
290,AVES,THULA,EGRETA THULA,NE,No evaluada,False
291,AVES,CIRIRI,COMPTODTOMA OBSOLETUM,NE,No evaluada,False
292,AVES,BONARIENSIS,MOLOTHRUS BONARIENSIS,LC,Preocupación menor,False
293,MAMIFEROS,DISCOLOR,PHYLLOSTOMUS DISCOLOR,LC,Preocupación menor,False
294,REPTILES,DESCONOCIDO,BASILISCUS SP.,NE,No evaluada,False
295,AVES,CAYANA,PIAYA CAYANA,LC,Preocupación menor,False
296,AVES,AVES,XENERPESTES MINLOSI,LC,Preocupación menor,False
297,AVES,GAVILAN CARACOLERO,ROSTRHAMUS SOCIABILIS,LC,Preocupación menor,False
298,MAMIFEROS,MOLOSSUS,MOLOSSUS MOLOSSUS,LC,Preocupación menor,False
299,REPTILES,TORTUGA NARIZONA,RHINOCLEMYS NASUTA,NE,No evaluada,False
300,ESPECIMENES,CORAL MATA GANADO,TANTILLA LONGIFRONTALIS,LC,Preocupación menor,False
301,ESPECIMENES,CAZADORA,ERYTHROLAMPRUS BIZONUS,LC,Preocupación menor,False
302,ESPECIMENES,EQUIX VERRUGOSA,LACHESIS ACROCHARTA,LC,Preocupación menor,False
303,ESPECIMENES,CAZADORA,CHERONIUS GRANDISQUAMIS,NE,No evaluada,False
304,ESPECIMENES,CAZADORA,SIBON NEBULATA,LC,Preocupación menor,False
305,ESPECIMENES,RABO DE AJI,MICRURUS MIPARTITUS,LC,Preocupación menor,False
306,ESPECIMENES,ZARIGÜEYA,MARMOSOPS SP.,NE,No evaluada,False
307,ESPECIMENES,ESCORPION,ESCORPION,NE,No evaluada,False
308,ESPECIMENES,SERPIENTE,DENDROPHIDION BIVITTATUS,LC,Preocupación menor,False
309,AVES,BIEN PARAO,NYCTIBIUS AETHEREUS,LC,Preocupación menor,False
310,AVES,POLLUELA PIQUIROJA,NEOCREX ERYTHROPS,LC,Preocupación menor,False
311,AVES,COLUMBINA MENUDA,COLUMBINA MINUTA,LC,Preocupación menor,False
312,AVES,DESCONOCIDO,VIREO   SP.,NE,No evaluada,False
313,REPTILES,MORROCOY,CHELONOIDES DENTICULATA,NE,No evaluada,False
314,MAMIFEROS,DESCONOCIDO,MOLOSSUS SP,NE,No evaluada,False
315,CRUSTACEOS,LANGOSTA,CHERAX QUADRICARINATUS,LC,Preocupación menor,False
316,REPTILES,MABOUYA,MABUYA MABOUYA,CR,En peligro crítico,True
317,AVES,PEREGRINUS,FALCO PEREGRINUS,LC,Preocupación menor,False
318,REPTILES,TORTUGA DE RIO,PODOCNEMIS LEWYANA,CR,En peligro crítico,True
319,MAMIFEROS,MONO CACHUDO,SAPAJUS APELLA,LC,Preocupación menor,False
320,MAMIFEROS,MAPACHE,PROCYON CANCRIVORUS,LC,Preocupación menor,False
321,REPTILES,DESCONOCIDO,DIPSAS SP.,NE,No evaluada,False
322,REPTILES,CORREDORA NUQUINEGRA,DENDROPHIDION NECHALE,LC,Preocupación menor,False
323,ANFIBIOS,HISTRIONICUS,DENDROBATES HISTRIONICUS,CR,En peligro crítico,True
324,AVES,FLAVINUCHA,ANISOGNATHUS FLAVINUCHA,LC,Preocupación menor,False
325,AVES,GORRION,FRINGILLIDAE,NE,No evaluada,False
326,REPTILES,TORTUGA,KINOSTERNUM LEUCOSTONUM,NE,No evaluada,False
327,AVES,GONZALITO,ICTERUS NIGROGULARIS,LC,Preocupación menor,False
328,CRUSTACEOS,CANGREJO,FREDIUS,NE,No evaluada,False
329,AVES,CARPINTERO,MELANERPES SP,NE,No evaluada,False
330,AVES,ARDEA ALBA,GARZA BLANCA,NE,No evaluada,False
331,MAMIFEROS,TITI PIGMEO,CEBUELLA PYGMAEA,VU,Vulnerable,True
332,AVES,CYANICOLLIS,TANGARA CYANICOLLIS,LC,Preocupación menor,False
333,MAMIFEROS,BARBARA,EIRA BARBARA,LC,Preocupación menor,False
334,AVES,GYROLA,TANGARA GYROLA,LC,Preocupación menor,False
335,ESPECIMENES,VENADO,MAZAMA AMERICANA,DD,Datos insuficientes,False
336,AVES,SALTARÍN,LEPIDOTHRIX CORONATA,LC,Preocupación menor,False
337,AVES,CARRIQUI PECHIBLANCO,CYANOCORAX AFFINIS,LC,Preocupación menor,False
338,AVES,FLAMMIGERUS,RAMPHOCELUS FLAMMIGERUS,LC,Preocupación menor,False
339,ESPECIMENES,VENADO COLIBLANCA,ODOCOILEUS VIRGINIANUS,LC,Preocupación menor,False
340,AVES,PALOMA,COLUMBA LIVIA,LC,Preocupación menor,False
341,REPTILES,TAPACULO,KINOSTERNON SCORPIOIDES,NE,No evaluada,False
342,MAMIFEROS,OLINGUITO,BASSARICYON SP.,NE,No evaluada,False
343,ESPECIMENES,TORTUGA BOBA,CARETTA CARETTA,VU,Vulnerable,True
344,REPTILES,BOA ARCOIRIS,EPICRATES MAURUS,LC,Preocupación menor,False
345,AVES,GAVILAN,BUTEO BRACHYURUS,LC,Preocupación menor,False
346,AVES,SPARVERIUS CAUCAE,FALCO SPARVERIUS CAUCAE CHAPMAN,LC,Preocupación menor,False
347,AVES,AFFINIS,VENILIORNIS AFFINIS,LC,Preocupación menor,False
348,REPTILES,TORTUGA HICOTEA,TRACHEMYS VENUSTA,NE,No evaluada,False
349,AVES,CORRUSCANS,COLIBRI CORRUSCANS,LC,Preocupación menor,False
350,MAMIFEROS,SP. (MARSUPIALIS O ALVIVENTRIS),DIDELPHIS SP. (MARSUPIALIS O ALVIVENTRIS),NE,No evaluada,False
351,AVES,CASANGA CARIROSADA,PIONOPSITA PULCHRA,NE,No evaluada,False
352,REPTILES,CAZADORA,SPILOTES PULLATUS,LC,Preocupación menor,False
353,ESPECIMENES,CAPARAZON,DASYPUS NOVEMCINCTUS,LC,Preocupación menor,False
354,MAMIFEROS,TAJACU,TAYASSU TAJACU LINNAEUS,NE,No evaluada,False
355,ARTROPODOS,LANGOSTA DE RIO,MACROBRACHIUM CARCINUS,LC,Preocupación menor,False
356,REPTILES,TORTUGA OREJI ROJA,TRACHEMYS ELEGANS,NE,No evaluada,False
357,REPTILES,TORTUGA MATA MATA,CHELUS FIMBRIATUS,NE,No evaluada,False
358,AVES,RUFUS,PACHYRAMPHUS RUFUS,LC,Preocupación menor,False
359,AVES,ALBIGULA,BUTEO ALBIGULA PHILIPPI,LC,Preocupación menor,False
360,AVES,LECHUZA,NYCTIBIUS GRANDIS,LC,Preocupación menor,False
361,MAMIFEROS,FRENATA AFFINIS,MUSTELA FRENATA AFFINIS L.E. GRAY,LC,Preocupación menor,False
362,REPTILES,SERPIENTE,MASTIGODRYAS BODDAERTI,LC,Preocupación menor,False
363,AVES,GARZA,ARDEA ALBA,LC,Preocupación menor,False
364,MAMIFEROS,MARTEJA,AOTUS SP,NE,No evaluada,False
365,MAMIFEROS,CAPARAZON ARMADILLO,DASYPUS NOVEMCINCTUS,LC,Preocupación menor,False
366,AVES,GAVILAN,FALCO RUFIGULARIS,LC,Preocupación menor,False
367,AVES,TUCAN,PTEROGLOSUS TORQUARUS,NE,No evaluada,False
368,REPTILES,TORTUGA,KINOSTERNON DUNNI,VU,Vulnerable,True
369,AVES,STRIATUS VENTRALIS,ACCIPITER STRIATUS VENTRALIS P.L. SCLATER,LC,Preocupación menor,False
370,ANFIBIOS,SAPO,RHINELA MARINA,NE,No evaluada,False
371,AVES,AGUILA ISIDORI,SPIZAETUS ISIDORI,EN,En peligro,True
372,REPTILES,TORTUGA TAPACULO,KINOSTERNON SCORPIOIDES,NE,No evaluada,False
373,REPTILES,TAPACULO,KINOSTERNON LEUCOSTOMUS,NE,No evaluada,False
374,AVES,CHAVARRÍA,CHAUNA CHAVARIA,LC,Preocupación menor,False
375,REPTILES,TORTUGA TAPACULO,KINOSTERNON DUNNI,VU,Vulnerable,True
376,MAMIFEROS,MONO NOCTURNO,AOTUS SP,NE,No evaluada,False
377,AVES,FORMICIVORUS,MELANERPES FORMICIVORUS,LC,Preocupación menor,False
378,REPTILES,TOCHE VOLADORA,SPILOTES PULLATUS,LC,Preocupación menor,False
379,AVES,LOROS CASCABELITOS,FORPUS CONSPICILLATUS,LC,Preocupación menor,False
380,AVES,MAJOR,TARABA MAJOR,LC,Preocupación menor,False
381,MAMIFEROS,RATA COMÚN,RATTUS RATTUS,LC,Preocupación menor,False
382,FAUNA ACUATICA,CORAL DE FUEGO,MILLEPORA SP.,NE,No evaluada,False
383,FAUNA ACUATICA,CORAL ROSA,MANICINA AREOLATA,LC,Preocupación menor,False
384,FAUNA ACUATICA,CORAL CACTUS,HELIOSERIS CUCULLATA,CR,En peligro crítico,True
385,FAUNA ACUATICA,CORAL,AGARICIA SPP.,NE,No evaluada,False
386,FAUNA ACUATICA,CORAL DE CEREBRO,COLPOPHYLLIA NATANS,VU,Vulnerable,True
387,ESPECIMENES,GARRAS DE FELINO,NO DETERMINADA,NE,No evaluada,False
388,ESPECIMENES,CAPARAZÓN TORTUGA,CHELONIA MYDAS,EN,En peligro,True
389,MAMIFEROS,VENADO,MAZAMA AMERICANA,DD,Datos insuficientes,False
390,AVES,GARZA REAL,ARDEA CINEREA,LC,Preocupación menor,False
391,MAMIFEROS,RUFESCENS,ECHINOPROCTA RUFESCENS J.E. GRAY,LC,Preocupación menor,False
392,AVES,RUTICILLA,SETOPHAGA RUTICILLA  SUBSP. MIGRATORIA,LC,Preocupación menor,False
393,ARACNIDOS,TARANTULA,SIN DETERMINAR,NE,No evaluada,False
394,AVES,FLAVEOLA,COEREBA FLAVEOLA,LC,Preocupación menor,False
395,AVES,TINGUA,PORZANA CAROLINA,LC,Preocupación menor,False
396,AVES,COLIBRI,COLIBRI SP,NE,No evaluada,False
397,ARACNIDOS,ARAÑA,PHONEUTRIA NIGRIVENTER,NE,No evaluada,False
398,REPTILES,IGUANA (HUEVOS),IGUANA IGUANA,LC,Preocupación menor,False
399,AVES,SOLITARIUS,HARPYHALIAETUS SOLITARIUS,NT,Casi amenazada,False
400,REPTILES,IGUANA,IGUANA IGUANA HUEVOS,LC,Preocupación menor,False
401,FAUNA ACUATICA,TEMBLON,ELECTROPHORUS ELECTRICUS,LC,Preocupación menor,False
402,MAMIFEROS,NEONATO,NO IDENTIFICADA,NE,No evaluada,False
403,MAMIFEROS,NEONATO MAMIFERO,INDETERMINADA,NE,No evaluada,False
404,REPTILES,CAZADORA,ERYTHROLAMPUS TYPHLUS,NE,No evaluada,False
405,REPTILES,MATA MATA,CHELUS FIMBRIATA,NE,No evaluada,False
406,AVES,FORMICIVORUS FLAVIGULA,MELANERPES FORMICIVORUS FLAVIGULA (MALHERBE),LC,Preocupación menor,False
407,AVES,CHAVARRÍ,CHAUNA CHAVARIA,LC,Preocupación menor,False
408,CRUSTACEOS,CANGREJO VIOLINISTA,UCA SP,NE,No evaluada,False
409,AVES,ATRATUS,CORAGYPS ATRATUS BECHSTEIN,LC,Preocupación menor,False
410,ESPECIMENES,TORTUGA,KINOSTERNON LEUCOSTOMUM,NE,No evaluada,False
411,ESPECIMENES,TORTUGA,CHELONOIDIS CARBONARIA,NE,No evaluada,False
412,AVES,COTORRA CARIROSADA,PYRILIA PULCHRA,LC,Preocupación menor,False
413,REPTILES,CAZADORA,ERYTHROLAMPRUS MELANOTUS,LC,Preocupación menor,False
414,AVES,TUCAN DE PICO ROJO,RAMPHASTOS TUCANUS,LC,Preocupación menor,False
415,AVES,AMERICANA,CHLOROCERYLE AMERICANA,LC,Preocupación menor,False
416,AVES,ALBIGULARIS,LATERALLUS ALBIGULARIS,LC,Preocupación menor,False
417,AVES,STRIATUS,BUTORIDES STRIATUS,LC,Preocupación menor,False
418,MAMIFEROS,TAMANDUA,TAMANDUA SP,NE,No evaluada,False
419,AVES,TANGARA TRIGUERA,TANGARA CAYANA,LC,Preocupación menor,False
420,AVES,ALBOCOLLIS,NYCTIDROMUS ALBOCOLLIS,LC,Preocupación menor,False
421,MAMIFEROS,PACA,CUNICULUS PACA,LC,Preocupación menor,False
422,AVES,MOMOTA AEQUATORIALIS,MOMOTUS MOMOTA AEQUATORIALIS GOULD,LC,Preocupación menor,False
423,AVES,UNCINATUS,CHONDROHIERAX UNCINATUS,LC,Preocupación menor,False
424,REPTILES,DESCONOCIDO,DESCONOCIDO,NE,No evaluada,False
425,AVES,PLANCUS,POLYBORUS PLANCUS,LC,Preocupación menor,False
426,AVES,WAGLERI,PSAROCOLIUS WAGLERI,LC,Preocupación menor,False
427,AVES,SAUCEROTTEI,AMAZILIA SAUCEROTTEI,LC,Preocupación menor,False
428,MAMIFEROS,BRASILIENSIS ANDINUS,EPTESICUS BRASILIENSIS ANDINUS J.A. ALLEN,LC,Preocupación menor,False
429,AVES,BUHO REAL,BUBO VIRGINIANUS,LC,Preocupación menor,False
430,AVES,PERIQUITO ALIAZUL,BROTEGERIS CYANOPTERA,NE,No evaluada,False
431,AVES,GUY,PHAETHORNIS GUY,LC,Preocupación menor,False
432,AVES,NIGRICOLLIS,ANTHRACOTHORAX NIGRICOLLIS,LC,Preocupación menor,False
433,REPTILES,TAIRA,EIRA BARBARA,LC,Preocupación menor,False
434,REPTILES,FALSA CORAL,ERYTHROLAMPRUS BIZONA,LC,Preocupación menor,False
435,AVES,MERCENARIA CANIPALLIATA,AMAZONA MERCENARIA CANIPALLIATA (CABANIS),LC,Preocupación menor,False
436,AVES,CONSPICILLATUS,FORPUS CONSPICILLATUS SUBSP. PERQUITO,LC,Preocupación menor,False
437,AVES,BUHO RAYADO,PSEUDOSCOPS CLAMATOR,LC,Preocupación menor,False
438,MAMIFEROS,ZARIGÜEYA,CALUROMYS LANATUS,LC,Preocupación menor,False
439,AVES,OLIVACEA,PIRANGA OLIVACEA (GMELIN),LC,Preocupación menor,False
440,MAMIFEROS,PERSPICILLATA,CAROLLIA PERSPICILLATA,LC,Preocupación menor,False
441,MAMIFEROS,JAGUAR,PANTHERA ONCA,NT,Casi amenazada,False
442,AVES,BOURCIERII,EUBUCCO BOURCIERII,LC,Preocupación menor,False
443,AVES,VIRENS,CONTOPUS VIRENS (LINNAEUS),LC,Preocupación menor,False
444,AVES,PSALTRIA,CARDUELIS PSALTRIA,LC,Preocupación menor,False
445,AVES,AMERICANA,SPOROPHILA AMERICANA,LC,Preocupación menor,False
446,MAMIFEROS,NUTRIA,LONTRA LONGICAUDIS,NT,Casi amenazada,False
447,AVES,TYRANNUS,TYRANNUS TYRANNUS,LC,Preocupación menor,False
448,MAMIFEROS,ALBESCENS,MYOTIS ALBESCENS,LC,Preocupación menor,False
449,AVES,TURPIAL LAGUNERO,GYMNOMYSTAX MEXICANUS,LC,Preocupación menor,False
450,AVES,CURIO RENEGRIDO,SPOROPHILIA CRASSIROSTRIS,NE,No evaluada,False
451,AVES,CAPENSIS,ZONOTRICHIA CAPENSIS,LC,Preocupación menor,False
452,MAMIFEROS,OLIVACEA LAGUNETAE,NASUELLA OLIVACEA LAGUNETAE J.A. ALLEN,NT,Casi amenazada,False
453,AVES,CARDENAL GUAJIRO,CARDENALIS PHOENICEUS,NE,No evaluada,False
454,AVES,COTORRA CARIAMARILLA,PYRILIA PYRILIA,NT,Casi amenazada,False
455,REPTILES,ATROX,BOTHROPS ATROX,LC,Preocupación menor,False
456,AVES,BICOLOR,DENDROCYGNA BICOLOR,LC,Preocupación menor,False
457,MAMIFEROS,DESCONOCIDO,DESCONOCIDO,NE,No evaluada,False
458,AVES,COTORRA CABECIAZUL,PIONUS MENSTRUUS,LC,Preocupación menor,False
459,AVES,GAVILAN CAMINERO,RUPORNIS MAGNIROSTRIS,LC,Preocupación menor,False
460,AVES,COQUITO,PHIMOSUS INFUSCATUS,LC,Preocupación menor,False
461,AVES,TORCAZA,COLUMBINA TALPACOTI,LC,Preocupación menor,False
462,AVES,TORCAZA,ZENAIDA AURICULATA,LC,Preocupación menor,False
463,AVES,SIRIRI,TYRANNUS MELANCHOLICUS,LC,Preocupación menor,False
464,AVES,CARPINTERO,DRYOCOPUS LINEATUS,NE,No evaluada,False
465,MAMIFEROS,MARMOSA,MARMOSA SP,NE,No evaluada,False
466,MAMIFEROS,ARDILLA,NOTOSCIURUS GRANATENSIS,NE,No evaluada,False
467,AVES,BUJIO,NYCTIDROMUS ALBICOLLIS,LC,Preocupación menor,False
468,REPTILES,CULEBRA CABEZONA,IMANTODES CENCHOA,LC,Preocupación menor,False
469,AVES,TORCAZA,COLIUMBINA TALPCOTI,NE,No evaluada,False
470,MAMIFEROS,ONCILLA,LEOPARDUS TIGRINUS,VU,Vulnerable,True
471,MAMIFEROS,VENADO,MAZAMA,NE,No evaluada,False
472,MAMIFEROS,ZARIGÜEYA,DIDELPHIS MARSUPIALIS,LC,Preocupación menor,False
473,AVES,GALLINAZOS,CORAGYPS ATRATUS,LC,Preocupación menor,False
474,MAMIFEROS,PUMA,PUMA CONCOLOR,LC,Preocupación menor,False
475,MAMIFEROS,DANTA,TAPIRUS PINCHAQUE,EN,En peligro,True
476,REPTILES,OJO DE GATO,IMANTODES CENCHOA,LC,Preocupación menor,False
477,AVES,TOCHE VOLADORA,SPILOTES PULLATUS,LC,Preocupación menor,False
478,AVES,POLLA DE AGUA,PORPHYRIO MARTINICUS,LC,Preocupación menor,False
479,REPTILES,BOA CHOCOLATE,EPICRATES MAURUS,LC,Preocupación menor,False
480,REPTILES,CAZADORA NEGRA,CLELIA CLELIA,LC,Preocupación menor,False
481,AVES,TÓRTOLA,COLUMBINA TALPACOTI,LC,Preocupación menor,False
482,REPTILES,TORTUGA TERECAY,PODOCNEMIS UNIFILIS,VU,Vulnerable,True
483,REPTILES,TORTUGA SABANERA,PODOCNEMIS VOGLI,NE,No evaluada,False
484,REPTILES,CAZADORA NEGRA,CLEIA CLEIA,NE,No evaluada,False
485,REPTILES,DRAGON BARBUDO,POGONA VITTICEPS,LC,Preocupación menor,False
486,DESCONOCIDO,CUCARACHAS,CUCARACHAS,NE,No evaluada,False
487,DESCONOCIDO,MUDAS,MUDAS DE BOAS CONSTRICTOR,NE,No evaluada,False
488,DESCONOCIDO,GRILLOS,GRYLLUS CAMPESTRES,NE,No evaluada,False
489,REPTILES,HICOTEA,TRACHEMYC CALLIROSTRIS,NE,No evaluada,False
490,AVES,GUACAMAYA AZUL Y AMARILLA,ARA ARARAUNA,LC,Preocupación menor,False
491,AVES,LORA CACHETI AMARILLA,AMAZONA AMAZONICA,LC,Preocupación menor,False
492,AVES,GALLINAZO,CORAGYPS ATRATUS,LC,Preocupación menor,False
493,AVES,CANARIO,SICALIS FLAVEOLA,LC,Preocupación menor,False
494,AVES,PERICO,BROTOGERIS JUGULARIS,LC,Preocupación menor,False
495,AVES,BARRANQUERO,MOMOTUS AEQUATORIALIS,LC,Preocupación menor,False
496,AVES,TÓRTOLA,ZENAIDA AURICULATA,LC,Preocupación menor,False
497,AVES,PERICO,FORPUS CONSPICILLATUS,LC,Preocupación menor,False
498,MAMIFEROS,PEREZOSO DE DOS DEDOS,CHOLOEPUS HOFFMANNI,LC,Preocupación menor,False
499,MAMIFEROS,GUATIN,DASYPROCTA PUNCTATA,LC,Preocupación menor,False
500,AVES,CARISUCIO,EUPSITTULA PERTINAX,LC,Preocupación menor,False
501,AVES,AGUILA DE COLA BLANCA,GERANOAETUS ALBICAUDATUS,LC,Preocupación menor,False
502,AVES,LORA FRENTI AMARILLA,AMAZONA OCHROCEPHALA,LC,Preocupación menor,False
503,REPTILES,SERPIENTE CARACOLERA,SIBON NEBULATUS,LC,Preocupación menor,False
504,REPTILES,MONO NOCTURNO,AOTUS SP,NE,No evaluada,False
505,MAMIFEROS,ERIZO,COENDOU RUFESCENS,LC,Preocupación menor,False
506,AVES,PERICO CASCABELITO,FORPUS CONSPICILLATUS,LC,Preocupación menor,False
507,AVES,GUACAMAYA ENANA,ARA SEVERUS,LC,Preocupación menor,False
508,AVES,ARDILLA,SCIURUS GRANATENSIS,LC,Preocupación menor,False
509,MAMIFEROS,ARMADILLO,DASYPUS NOVEMCINCTUS,LC,Preocupación menor,False
510,AVES,AGUILA REAL DE MONTAÑA,SPIZAETUS ISIDORI,EN,En peligro,True
511,AVES,MORROCOY,CHELONOIDIS CARBONARIA,NE,No evaluada,False
512,AVES,HICOTEA,TRACHEMYS CALLIROSTRIS,NE,No evaluada,False
513,AVES,PEZ BASA,PANGASIANODON HYPOPHTHALMUS,EN,En peligro,True
514,AVES,PERIQUITO BRONCEADO,BROTOGERIS JUGULARIS,LC,Preocupación menor,False
515,MAMIFEROS,PEZ GATO,HEXANEMATICHTHYS SEEMANNI,LC,Preocupación menor,False
516,AVES,POLLA DE AGUA,PORPHYRIO MARTINICA,LC,Preocupación menor,False
517,MAMIFEROS,ARMADILLO DE 9 BANDAS,DASYPUS NOVEMCINCTUS,LC,Preocupación menor,False
518,AVES,GUACHARACA,ORTALIS COLUMBIANA,LC,Preocupación menor,False
519,AVES,CERNICALO,FALCO SPARVERIUS,LC,Preocupación menor,False
520,DESCONOCIDO,SIN DATOS,PENDIENTE ID,NE,No evaluada,False
521,AVES,TURPIAL AMARILLO,ICTERUS NIGROGULARIS,LC,Preocupación menor,False
522,AVES,COTORRA PECHIBLANCA,PIONITES MELANOCEPHALUS,LC,Preocupación menor,False
523,AVES,TURPIAL MONTAÑERO,ICTERUS CHRYSATER,LC,Preocupación menor,False
524,AVES,COTORRA CABECIAZUL,PIONUS MENTRUUS,LC,Preocupación menor,False
525,AVES,LORA CACHETIAMARILLA,AMAZONA AMAZONICA,LC,Preocupación menor,False
526,MAMIFEROS,MURCIELAGO,MOLOSSUS MOLOSSUS,LC,Preocupación menor,False
527,MAMIFEROS,ZORRO PERRO,CERDOCYON THOUS,LC,Preocupación menor,False
528,AVES,BICHOFUE,PITANGUS SULPHURATUS,LC,Preocupación menor,False
529,MAMIFEROS,PEREZOSO DE 2 DEDOS,CHOLOEPUS HOFFMANNI,LC,Preocupación menor,False
530,AVES,TUCANCITO ESMERALDA,AULACORHYNCHUS HAEMATOPYGUS,LC,Preocupación menor,False
531,AVES,TAPACULO,KINOSTERNON LEUCOSTOMUM,NE,No evaluada,False
532,AVES,BOA,BOA CONSTRICTOR,LC,Preocupación menor,False
533,AVES,GARZA PATIAMARILLA,EGRETTA THULA,LC,Preocupación menor,False
534,AVES,GUACAMAYA ROJA,ARA CHLOROPTERUS,LC,Preocupación menor,False
535,REPTILES,TORTUGA TAPACULO,KINOSTERNON LEUCOSTOMUM,NE,No evaluada,False
536,REPTILES,TORTUGA ICOTEA,TRACHEMYS CALLIROSTRIS,NE,No evaluada,False
537,MOLUSCOS,CARACOL MANZANA,POMACEA CANALICULATA,LC,Preocupación menor,False
538,ARACNIDOS,TARANTULA,BRACHYPELMA SMITHI,NT,Casi amenazada,False
539,AVES,LECHUZA,TYTO ALBA,LC,Preocupación menor,False
540,REPTILES,CAZADRA NEGRA,CLELIA CLELIA,LC,Preocupación menor,False
541,AVES,COLIBRI,AMAZILIA TZACATL,LC,Preocupación menor,False
542,MAMIFEROS,ARDILLA,NOTROSCIURUS GRANATENSIS,NE,No evaluada,False
543,ANFIBIOS,RANA,DENDROPSOPHUS COLUMBIANUS,LC,Preocupación menor,False
544,REPTILES,CAZADORA,CHIRONIUS MONTICOLA,LC,Preocupación menor,False
545,MAMIFEROS,GUAGUA,CUNICULUS PACA,LC,Preocupación menor,False
546,AVES,GAVILAN CAMINERO,MILVAGO CHIMACHIMA,LC,Preocupación menor,False
547,AVES,TOCHE,SPILOTES PULLATUS,LC,Preocupación menor,False
548,AVES,MORROCY,CHELONOIDIS CARBONARIA,NE,No evaluada,False
549,AVES,CORMORAN,PHALACRCORAX BRASILIANUS,NE,No evaluada,False
550,AVES,ARDILLA,NOTOSCIURUS GRANATENSIS,NE,No evaluada,False
551,REPTILES,ALACRANERA,STENORRHINA DEGENHARDTII,LC,Preocupación menor,False
552,AVES,PERIQUITO CACABELITO,FORPUS CONSPICILLATUS,LC,Preocupación menor,False
553,MAMIFEROS,CUSUMBO,NASUELLA OLIVACEA,NT,Casi amenazada,False
554,AVES,BUHO CURRUCUTU,MEGASCOPS CHOLIBA,LC,Preocupación menor,False
555,ANFIBIOS,AJOLOTE,AMBYSTOMA MEXICANUM,CR,En peligro crítico,True
556,REPTILES,MORROCY,CHELONOIDIS CARBONARIA,NE,No evaluada,False
557,AVES,COLIBRI,ANTHRACOTHORAX NIGRICOLLIS,LC,Preocupación menor,False
558,MAMIFEROS,ARDILLA,SCIURUS GRANATENSIS,LC,Preocupación menor,False
559,AVES,LORA CABECIAZUL,PIONUS MENSTRUUS RUBRIGULARIS,LC,Preocupación menor,False
560,MAMIFEROS,MONO AULLADOR,ALOUATTA SENICULUS,LC,Preocupación menor,False
561,AVES,GALLITO DE ROCA,RUPICOLA PERUVIANA,LC,Preocupación menor,False
562,MAMIFEROS,YAGUARUNDI,PUMA YAGOUAROUNDI,LC,Preocupación menor,False
563,AVES,AGUILA BLANQUINEGRA,SPIZAETUS MELANOLEUCUS,LC,Preocupación menor,False
564,REPTILES,TORTUGA CHARAPA,PODOCNEMIS UNIFILIS,VU,Vulnerable,True
565,AVES,PERICO BRONCEADO,PSITTACARA WAGLERI,NT,Casi amenazada,False
566,MAMIFEROS,MONO CARIBLANCO,CEBUS ALBIFRONS,LC,Preocupación menor,False
567,AVES,COTORRA NEGRA,PIONUS CHALCOPTERUS,LC,Preocupación menor,False
568,AVES,PERICO CARISUCIO,EUPSITTULLA PERTINAX,NE,No evaluada,False
569,REPTILES,FALSA CORAL,OXYRHOPUS PETOLA,NE,No evaluada,False
570,AVES,COLUMBINA TALPACOTI,COLUMBINA TALPACOTI,LC,Preocupación menor,False
571,AVES,COTORRA CABECIAZUL,PIONUS MENSTRUUS RUBRIGULARIS,LC,Preocupación menor,False
572,AVES,AGUILA PESCADORA,PANDION HALIAETUS,LC,Preocupación menor,False
573,MAMIFEROS,PERRO DE MONTE,POTOS FLAVUS,LC,Preocupación menor,False
574,AVES,CUCO AMERICANO,COCCYZUS AMERICANUS,LC,Preocupación menor,False
575,MAMIFEROS,MUERCIELAGO,MOLOSSUS MOLOSSUS,LC,Preocupación menor,False
576,MAMIFEROS,MONO ARAÑA,ATELES SP.,NE,No evaluada,False
577,MAMIFEROS,TITI PANAMEÑO,SAGUINUS GEOFFROYI,NT,Casi amenazada,False
578,AVES,GARCITA ESTRIADA,BUTERIDES STRIATA,NE,No evaluada,False
579,AVES,GOLONDRINA,OROCHELIDON MURINA,LC,Preocupación menor,False
580,AVES,PELLAR,VANELLUS CHILENSIS,LC,Preocupación menor,False
581,MAMIFEROS,PUERCOESPIN,COENDOU RUFESCENS,LC,Preocupación menor,False
582,REPTILES,VERDADERA CORAL,MICRURUS MIPARTITUS,LC,Preocupación menor,False
583,AVES,CAZADORA,CHIRONIUS MONTICOLA,LC,Preocupación menor,False
584,REPTILES,SERPIENTE PAJARERA,PHRYNONAX,NE,No evaluada,False
585,MAMIFEROS,COMADREJA,MUSTELA FRENATA,LC,Preocupación menor,False
586,MAMIFEROS,CHIGUIRO,HYDROCHOERUS HYDROCHAERIS,LC,Preocupación menor,False
587,AVES,COTORRA CARATEJA,PIONUS TUMULTUOSUS,LC,Preocupación menor,False
588,AVES,CORMORÁN,PHALACROCORAX BRASILIANUS,LC,Preocupación menor,False
589,MAMIFEROS,GUATÍN,DASYPROCTA PUNCTATA,LC,Preocupación menor,False
590,REPTILES,GRANADILLA,SPILOTES PULLATUS,LC,Preocupación menor,False
591,REPTILES,RESOPLONA,PHRYNONAX POECILONOTUS,LC,Preocupación menor,False
592,AVES,COTORRA FRENTIRROJA,PSITTACARA WAGLERI,NT,Casi amenazada,False
593,AVES,GUACAMAYA CARISECA,ARA SEVERUS,LC,Preocupación menor,False
594,MAMIFEROS,MONO ARAÑA CAFÉ,ATELES HYBRIDUS,CR,En peligro crítico,True
595,MAMIFEROS,MONO ARAÑA CABECINEGRO,ATELES FUSCICEPS,EN,En peligro,True
596,AVES,LORO CARISUCIO,EUPSITTULA PERTINAX,LC,Preocupación menor,False
597,REPTILES,MORROCOY,CHELONOIDIS CARBONARIA,NE,No evaluada,False
598,AVES,SINSONTE,MIMUS GILVUS,LC,Preocupación menor,False
599,AVES,CARRIQUÍ PECHIBLANCO,CYANOCORAX AFFINIS,LC,Preocupación menor,False
600,AVES,CURRUCUTÚ,LECHUZA,NE,No evaluada,False
601,MAMIFEROS,OCELOTE,LEOPARDUS PARDALIS,LC,Preocupación menor,False
602,AVES,ALCARAVÁN,VANELLUS CHILENSIS,LC,Preocupación menor,False
603,AVES,BIEN PARADO,NYCTIBIUS GRISEUS,LC,Preocupación menor,False
604,MAMIFEROS,CAPUCHINO,CEBUS CAPUCCINUS,VU,Vulnerable,True
605,AVES,GOLONDRINA,PYGOCHELIDON CYANOLEUCA,LC,Preocupación menor,False
606,MAMIFEROS,TAPACULOS,KINOSTERNON LEUCOSTOMUM,NE,No evaluada,False
607,AVES,CARDENAL,PYROCEPHALUS RUBINUS,LC,Preocupación menor,False
608,AVES,LORA CABECIAZUL,PIONUS MESTRUUS,NE,No evaluada,False
609,AVES,TAPACULOS,KINOSTERNON LEUCOSTOMUM,NE,No evaluada,False
610,AVES,AZOR DIMINUTO,ACCIPITER SUPERCILIOSUS,LC,Preocupación menor,False
611,AVES,HALCON PLOMADO,FALCO FEMORALIS,LC,Preocupación menor,False
612,AVES,AGUILA ARPIA,HARPIA HARPYJA,VU,Vulnerable,True
613,AVES,TUCANETA RABI ROJO,AULACORHYNCHUS HAEMATOPYGUS,LC,Preocupación menor,False
614,AVES,POLLA DE AGUA,MUSTELIRALLUS SP,NE,No evaluada,False
615,AVES,AGUILA CRESTADA,SPIZAETUS ISIDORI,EN,En peligro,True
616,AVES,LORA CABECIAZUL,PIONUS MENTRUUS RUBRIGULARES,LC,Preocupación menor,False
617,AVES,LORA CABECIAZUL,PIONUS MESNSTRUUS RUBRIGULARIS,LC,Preocupación menor,False
618,REPTILES,FALSA CORAL,OXHRYOPUS PETALARIUS,NE,No evaluada,False
619,AVES,TUCAN,AULACORHYNCHUS HAEMATOPYGUS,LC,Preocupación menor,False
620,AVES,LORE CACHETIAMARILLA,AMAZONA AMAZONICA,LC,Preocupación menor,False
621,REPTILES,ICOTEA,TRACHEMYS CALLIROSTRIS,NE,No evaluada,False
622,REPTILES,CHARAPA,PODOCNEMIS UNIFILIS,VU,Vulnerable,True
623,MOLUSCOS,LANGOSTAS,CHERAX SP.,NE,No evaluada,False
624,AVES,SEMILLERO,SPINUS SP.,NE,No evaluada,False
625,AVES,LORA FRENTIROJA,AMAZONA AUTUMNALIS,LC,Preocupación menor,False
626,MAMIFEROS,PEREZOSO 2 DEDOS,CHOLOEPUS HOFFMANNI,LC,Preocupación menor,False
627,MAMIFEROS,MURCIELAGO,ARTIBEUS LITURATUS,LC,Preocupación menor,False
628,AVES,TUCAN ESMERALDA,AULACORHYNCHUS HAEMATOPYGUS,LC,Preocupación menor,False
629,MAMIFEROS,MARMOSA,PENDIENTE,NE,No evaluada,False
630,AVES,GARRAPATERO,MILVAGO CHIMACHIMA,LC,Preocupación menor,False
631,MAMIFEROS,HURON,MUSTELA PUTORIUS FURO,LC,Preocupación menor,False
632,REPTILES,FALSA CORAL,ERYTHROLAMPRUS EPINEPHELUS,LC,Preocupación menor,False
633,AVES,CORMORAN,PHALACROCORAX BRASILIANUS,LC,Preocupación menor,False
634,AVES,VENCEJO,STREPTOPROCNE ZONARIS,LC,Preocupación menor,False
635,MAMIFEROS,ZORRO PERRUNO,CERDOCYON THOUS,LC,Preocupación menor,False
636,MAMIFEROS,PUERCO ESPIN,COENDOU RUFESCENS,LC,Preocupación menor,False
637,MAMIFEROS,TITI CABEZA DE ALGODON,SAGUINUS OEDIPUS,CR,En peligro crítico,True
638,AVES,PERICO CARISUCIO,EUPSITTULA PERTINAX,LC,Preocupación menor,False
639,AVES,COTORRA CABECIAZUL,PIONUS MENSTRUUS RUBRIGULARES,LC,Preocupación menor,False
640,AVES,LORA REAL,AMAZONA FARINOSA,LC,Preocupación menor,False
641,REPTILES,TORTUGA MORROCOY,CHELONOIDIS,NE,No evaluada,False
642,AVES,PERICO FRENTIROJO,PSITTACARA WAGLERI,NT,Casi amenazada,False
643,AVES,AZULEJO PALMERO,THRAUPIS PALMARUM,LC,Preocupación menor,False
644,REPTILES,CORAL VERDADERA,MICRURUS MIPARTITUS,LC,Preocupación menor,False
645,MAMIFEROS,TINGUA,PORPHYRIO MARTINICA,LC,Preocupación menor,False
646,REPTILES,SERPIENTE OJO DE GATO,IMANTODES CENCHOA,LC,Preocupación menor,False
647,AVES,ESMEREJON,FALCO COLUMBARIUS,LC,Preocupación menor,False
648,REPTILES,SERPIENTE RAYUELA,DENDROPHIDION BIVITTATUS,LC,Preocupación menor,False
649,AVES,VENCEJO,PYGOCHELIDON CYANOLEUCA,LC,Preocupación menor,False
650,AVES,GAVILAN DE SWANSONI,BUTEO SWAINSONI,LC,Preocupación menor,False
651,AVES,ATRAPAMOSCAS,PYROCEPHALUS RUBINUS,LC,Preocupación menor,False
652,MAMIFEROS,PERRO MONTE,POTOS FLAVUS,LC,Preocupación menor,False
653,MAMIFEROS,NUTRIA DE RIO,LONTRA LONGICAUDIS,NT,Casi amenazada,False
654,AVES,GARRAPATERO,CROTOPHAGA ANI,LC,Preocupación menor,False
655,MAMIFEROS,MONO CORNUDO,SAPAJUS APELLA,LC,Preocupación menor,False
656,AVES,GARZA BUEYERA,BUBULCUS IBIS,LC,Preocupación menor,False
657,REPTILES,TORTUGA MORROCOY,CHELONOIDIS DENTICULATA,VU,Vulnerable,True
658,REPTILES,TORTUGA ESTUCHE,KINOSTERNON DUNNI,VU,Vulnerable,True
659,REPTILES,TORTUGA MORDEDORA,CHELYDRA ACUTIROSTRIS,NE,No evaluada,False
660,AVES,MARTIN PESCADOR,MEGACERYLE TORQUATA,LC,Preocupación menor,False
661,REPTILES,CAZADORA CARACOLERA,DIPSAS SANCTIJOANNIS,LC,Preocupación menor,False
662,REPTILES,TORTUGA MORROCOY,CHELONODIS CARBONARIA,NE,No evaluada,False
663,MAMIFEROS,TAIRA,EIRA BARBARA,LC,Preocupación menor,False
664,AVES,ARROYERA DE COLA NEGRA,DRYMARCHON MELANURUS,LC,Preocupación menor,False
665,AVES,PISINGO,DENDROCYGNA AUTUMNALIS,LC,Preocupación menor,False
666,REPTILES,TORTUGA TAPACULO,KINOSTERNON LEUCOSTOMUN,NE,No evaluada,False
667,AVES,PAVA MARAQUERA,CHAMAEPETES GOUDOTII,LC,Preocupación menor,False
668,AVES,TINGUA,PORPHYRIO MARTINICA,LC,Preocupación menor,False
669,AVES,ALCARAVAN,VANELLUS CHILENSIS,LC,Preocupación menor,False
670,AVES,MIRLA COMUN,TURDUS IGNOBILIS,LC,Preocupación menor,False
671,AVES,CHILACOA,ARAMIDES CAJANEUS,LC,Preocupación menor,False
672,MAMIFEROS,HORMIGUERO,TAMANDUA MEXICANA,LC,Preocupación menor,False
673,REPTILES,CULEBRA PERICO VERDE,LEPTOPHIS AHAETULLA,LC,Preocupación menor,False
674,AVES,COCLI,THERISTICUS CAUDATUS,LC,Preocupación menor,False
675,MAMIFEROS,ZORRO,CERDOCYON THOUS,LC,Preocupación menor,False
676,AVES,TORCASA,ZENAIDA AURICULATA,LC,Preocupación menor,False
677,REPTILES,FALSA CORAL,OXYRHOPUS PETOLARIUS,LC,Preocupación menor,False
678,AVES,CARPINTERO,MELANERPES FORMICIVORUS,LC,Preocupación menor,False
679,REPTILES,TORTUGA TAPA CULO,KINOSTERNON LEUCOSTOMUM,NE,No evaluada,False
680,AVES,BUHO,MEGASCOPS CHOLIBA,LC,Preocupación menor,False
681,AVES,IBIS COQUITO,PHIMOSUS INFUSCATUS,LC,Preocupación menor,False
682,MAMIFEROS,ERIZO AFRICANO,ATELERIX ALBIVENTRIS,LC,Preocupación menor,False
683,AVES,POLLA AZUL,PORPHYRIO MARTINICUS,LC,Preocupación menor,False
684,AVES,HALCON MURCIELAGUERO,FALCO RUFIGULARIS,LC,Preocupación menor,False
685,REPTILES,TORTUGA MORROCOY,CHELONOIDES CARBONARIA,NE,No evaluada,False
686,AVES,GUACHARO,STEATORNIS CARIPENSIS,LC,Preocupación menor,False
687,AVES,GUACAMAYA ALAS VERDES,ARA CHLOROPTERUS,LC,Preocupación menor,False
688,AVES,GAVILAN DE ALAS ANCHAS,BUTEO PLATYPTERUS,LC,Preocupación menor,False
689,REPTILES,TORTUGA MORROCOY,CHELONOIDES DENTRICULATA,NE,No evaluada,False
690,AVES,GUACAMAYA AZUL-AMARILLA,ARA ARARAUNA,LC,Preocupación menor,False
691,AVES,TUCANETA ESMERALDA,AULACORHYNCHUS HAEMATOPYGUS,LC,Preocupación menor,False
692,REPTILES,CAZADORA TROPICAL,MASTIGODRYAS DANIELI,LC,Preocupación menor,False
693,MAMIFEROS,ZARIGÜEYA,DIDEPLPHIS MARSUPIALIS,NE,No evaluada,False
694,AVES,LORA FRENTE AMARILLA,AMAZONA OCHROCEPHALA,LC,Preocupación menor,False
695,AVES,LORA CABECI AZUL,PIONUS MENSTRUUS,LC,Preocupación menor,False
696,AVES,BUHO DE ANTEOJOS,PULSATRIX PERSPICILATA,LC,Preocupación menor,False
697,REPTILES,TORTUGA HICOTEA,TRACHEMYS CALLIROSTRIS,NE,No evaluada,False
698,REPTILES,LORA FRENTE AMARILLA,AMAZONA OCHROCEPHALA,LC,Preocupación menor,False
699,AVES,TORCASA,COLUMBINA TALPACOTI,LC,Preocupación menor,False
700,AVES,AVESTRUZ,STRUTHIO CAMELUS,LC,Preocupación menor,False
701,MAMIFEROS,CHIGUIRO,HYDROCHAERIS HYDROCHAERIS,LC,Preocupación menor,False
702,AVES,DIAMANTE BABERO,POEPHILA ACUTICAUDA,LC,Preocupación menor,False
703,AVES,GUACAMAYA AZUL,ARA ARARAUNA,LC,Preocupación menor,False
704,MAMIFEROS,PEREZOZO DE 2 DEDOS,CHOLOEPUS HOFFMANNI,LC,Preocupación menor,False
705,MAMIFEROS,ARMADILLO,DASYPUS NOMENCICTUS,NE,No evaluada,False
706,AVES,REINITA,COEREBA FLAVEOLA,LC,Preocupación menor,False
707,AVES,COLIBRI,AMAZILITA TZACATL,NE,No evaluada,False
708,REPTILES,TROTUGA ICOTEA,TRACHEMYS CALLIROSTRIS,NE,No evaluada,False
709,AVES,MIRLA,TURDUS IGNOBILIS,LC,Preocupación menor,False
710,REPTILES,VIVORA DE SANGRE,CLELIA CLELIA,LC,Preocupación menor,False
711,AVES,CHOTACABRAS,NYCTIDROMUS ALBICOLLIS,LC,Preocupación menor,False
712,DESCONOCIDO,DESCONOCIDO,PENDIENTE,NE,No evaluada,False
713,REPTILES,TALLA EQUIS,BOTHROPS PUNCTATUS,LC,Preocupación menor,False
714,REPTILES,TALLA EQUIS,BOTHROPS ASPER,LC,Preocupación menor,False
715,REPTILES,TORTUGA CHARAPA,PODOCNEMIS UNIFIIIS,VU,Vulnerable,True
716,REPTILES,GECKO,EUBLEPHARIS MACULARIUS,LC,Preocupación menor,False
717,AVES,IGUAZA,DENDROCYGNA AUTUMNALIS,LC,Preocupación menor,False
718,MAMIFEROS,AULLADOR,ALOUATTA SENICULUS,LC,Preocupación menor,False
719,MAMIFEROS,VENADO COLORADO,MAZAMA RUFINA,VU,Vulnerable,True
720,AVES,COTORRA FRENTIROJA,PSITTACARA WAGLERI,NT,Casi amenazada,False
721,REPTILES,CASCABEL,CROTALUS DURISSUS,LC,Preocupación menor,False
722,REPTILES,CULEBRA LORA,CHIRONIUS MONTICOLA,LC,Preocupación menor,False
723,AVES,LORITO DE FUERTE,HAPALOPSITTACA FUERTESI,EN,En peligro,True
724,MAMIFEROS,TIGRILLO,LEOPARDUS WIEDII,NT,Casi amenazada,False
725,REPTILES,TORTUGA TAPACULO,KINOSRTERNON LAUCOSTOMUN,NE,No evaluada,False
726,AVES,GAVILAN GARRAPATERO,MILVAGO CHIMACHIMA,LC,Preocupación menor,False
727,REPTILES,CAZADORA VERDE,CHIRONIUS MONTICOLA,LC,Preocupación menor,False
728,AVES,CHAMON,MOLOTHRUS ORYZIVORUS,LC,Preocupación menor,False
729,AVES,JILGUERO,SPINUS SPINESCENS,LC,Preocupación menor,False
730,AVES,TANGARA,TANGARA VITRIOLINA,LC,Preocupación menor,False
731,AVES,BUHO E ANTEOJOS,PULSATRIX PERSPICILLATA,LC,Preocupación menor,False
732,REPTILES,ONCILLA,LEOPARDUS TIGRINUS,VU,Vulnerable,True
733,REPTILES,ANOLIS,ANOLIS FRASERI,LC,Preocupación menor,False
734,AVES,BICHIFUE,PITANGUS SULPHURATUS,LC,Preocupación menor,False
735,AVES,BIENPARADO,NYCTIBIUS GRISEUS,LC,Preocupación menor,False
736,AVES,PASSERIFORME,PENDIENTE,NE,No evaluada,False
737,AVES,VERDILLO,PACHYSYLVIA SEMIBRUNNEA,LC,Preocupación menor,False
738,AVES,GARZA,BUBULCUS IBIS,LC,Preocupación menor,False
739,AVES,PERICO HUILENSE,BROTOGERIS JUGULARIS,LC,Preocupación menor,False
740,MAMIFEROS,IGUANA,IGUANA IGUANA,LC,Preocupación menor,False
741,REPTILES,PERRO MONTE,POTOS FLAVUS,LC,Preocupación menor,False
742,AVES,TORTUGA TAPACULO,KINOSTERNON LEUCOSTOMUM,NE,No evaluada,False
743,AVES,NUTRIA DE RIO,LONTRA LONGICAUDIS,NT,Casi amenazada,False
744,MAMIFEROS,GARRAPATERO,CROTOPHAGA ANI,LC,Preocupación menor,False
745,AVES,ZARIGÜEYA,DIDELPHIS MARSUPIALIS,LC,Preocupación menor,False
746,MAMIFEROS,TÓRTOLA,ZENAIDA AURICULATA,LC,Preocupación menor,False
747,REPTILES,GARZA BUEYERA,BUBULCUS IBIS,LC,Preocupación menor,False
748,AVES,PEREZOSO 2 DEDOS,CHOLOEPUS HOFFMANNI,LC,Preocupación menor,False
749,REPTILES,BICHOFUE,PITANGUS SULPHURATUS,LC,Preocupación menor,False
750,MAMIFEROS,BOA,BOA CONSTRICTOR,LC,Preocupación menor,False
751,AVES,TORTUGA ESTUCHE,KINOSTERNON DUNNI,VU,Vulnerable,True
752,MAMIFEROS,COTORRA CABECIAZUL,PIONUS MENSTRUUS RUBRIGULARIS,LC,Preocupación menor,False
753,AVES,TORTUGA MORDEDORA,CHELYDRA ACUTIROSTRIS,NE,No evaluada,False
754,AVES,ZORRO PERRUNO,CERDOCYON THOUS,LC,Preocupación menor,False
755,MAMIFEROS,TORCAZA,ZENAIDA AURICULATA,LC,Preocupación menor,False
756,REPTILES,TÓRTOLA,COLUMBINA TALPACOTI,LC,Preocupación menor,False
757,MAMIFEROS,TÓRTOLA,COLUMBINA TALPACOTI,LC,Preocupación menor,False
758,MAMIFEROS,TORTUGA ICOTEA,TRACHEMYS CALLIROSTRIS,NE,No evaluada,False
759,AVES,TORTUGA ICOTEA,TRACHEMYS CALLIROSTRIS,NE,No evaluada,False
760,MAMIFEROS,TORTUGA MORROCOY,CHELONOIDIS CARBONARIA,NE,No evaluada,False
761,AVES,TORTUGA MORROCOY,CHELONOIDIS CARBONARIA,NE,No evaluada,False
762,AVES,PERRO DE MONTE,POTOS FLAVUS,LC,Preocupación menor,False
763,AVES,ARMADILLO,DASYPUS NOVEMCINCTUS,LC,Preocupación menor,False
764,AVES,CAZADORA CARACOLERA,DIPSAS SANCTIJOANNIS,LC,Preocupación menor,False
765,REPTILES,ZARIGÜEYA,DIDELPHIS MARSUPIALIS,LC,Preocupación menor,False
766,AVES,IGUANA,IGUANA IGUANA,LC,Preocupación menor,False
767,AVES,SERPIENTE OJO DE GATO,IMANTODES CENCHOA,LC,Preocupación menor,False
768,REPTILES,ARDILLA,NOTOSCIURUS GRANATENSIS,NE,No evaluada,False
769,MAMIFEROS,GAVILAN CAMINERO,RUPORNIS MAGNIROSTRIS,LC,Preocupación menor,False
770,MAMIFEROS,TORTUGA TAPACULO,KINOSTERNON LEUCOSTOMUM,NE,No evaluada,False
771,REPTILES,BIEN PARADO,NYCTIBIUS GRISEUS,LC,Preocupación menor,False
772,MAMIFEROS,VENADO SOCHE,MAZAMA RUFINA,VU,Vulnerable,True
773,MAMIFEROS,ARROYERA DE COLA NEGRA,DRYMARCHON MELANURUS,LC,Preocupación menor,False
774,MAMIFEROS,PISINGO,DENDROCYGNA AUTUMNALIS,LC,Preocupación menor,False
775,REPTILES,PISINGO,DENDROCYGNA AUTUMNALIS,LC,Preocupación menor,False
776,AVES,TORTUGA TAPACULO,KINOSTERNON LEUCOSTOMUN,NE,No evaluada,False
777,AVES,CHIGUIRO,HYDROCHOERUS HYDROCHAERIS,LC,Preocupación menor,False
778,MAMIFEROS,LORA FRENTIAMARILLA,AMAZONA OCHROCEPHALA,LC,Preocupación menor,False
779,ANFIBIOS,COTORRA CABECIAZUL,PIONUS MENSTRUUS RUBRIGULARIS,LC,Preocupación menor,False
780,MAMIFEROS,GARZA BUEYERA,BUBULCUS IBIS,LC,Preocupación menor,False
781,MAMIFEROS,CERNICALO,FALCO SPARVERIUS,LC,Preocupación menor,False
782,MAMIFEROS,MIRLA COMUN,TURDUS IGNOBILIS,LC,Preocupación menor,False
783,MAMIFEROS,LORA CACHETIAMARILLA,AMAZONA AMAZONICA,LC,Preocupación menor,False
784,REPTILES,PERRO DE MONTE,POTOS FLAVUS,LC,Preocupación menor,False
785,MAMIFEROS,BICHUFUE,PITANGUS SULPHURATUS,LC,Preocupación menor,False
786,REPTILES,GUACAMAYA ENANA,ARA SEVERUS,LC,Preocupación menor,False
787,MAMIFEROS,CHILACOA,ARAMIDES CAJANEUS,LC,Preocupación menor,False
788,REPTILES,TINGUA,PORPHYRIO MARTINICA,LC,Preocupación menor,False
789,REPTILES,HORMIGUERO,TAMANDUA MEXICANA,LC,Preocupación menor,False
790,MAMIFEROS,CULEBRA PERICO VERDE,LEPTOPHIS AHAETULLA,LC,Preocupación menor,False
791,REPTILES,ZORRO,CERDOCYON THOUS,LC,Preocupación menor,False
792,REPTILES,COTORRA CABECIAZUL,PIONUS MENSTRUUS,LC,Preocupación menor,False
793,AVES,TORTUGA TAPA CULO,KINOSTERNON LEUCOSTOMUM,NE,No evaluada,False
794,AVES,TORTUGA CHARAPA,PODOCNEMIS UNIFILIS,VU,Vulnerable,True
795,REPTILES,TÓRTOLA,ZENAIDA AURICULATA,LC,Preocupación menor,False
796,MAMIFEROS,GALLINAZO,CORAGYPS ATRATUS,LC,Preocupación menor,False
797,MAMIFEROS,COTORRA NEGRA,PIONUS CHALCOPTERUS,LC,Preocupación menor,False
798,REPTILES,LORA FRENTIAMARILLA,AMAZONA OCHROCEPHALA,LC,Preocupación menor,False
799,REPTILES,LORA CACHETIAMARILLA,AMAZONA AMAZONICA,LC,Preocupación menor,False
800,MAMIFEROS,IBIS COQUITO,PHIMOSUS INFUSCATUS,LC,Preocupación menor,False
801,MAMIFEROS,PERICO CASCABELITO,FORPUS CONSPICILLATUS,LC,Preocupación menor,False
802,REPTILES,PERICO CASCABELITO,FORPUS CONSPICILLATUS,LC,Preocupación menor,False
803,MAMIFEROS,CANARIO SILVESTRE,SICALIS FLAVEOLA,LC,Preocupación menor,False
804,AVES,ERIZO AFRICANO,ATELERIX ALBIVENTRIS,LC,Preocupación menor,False
805,REPTILES,POLLA AZUL,PORPHYRIO MARTINICUS,LC,Preocupación menor,False
806,MAMIFEROS,TORTUGA MORROCOY,CHELONOIDES CARBONARIA,NE,No evaluada,False
807,MAMIFEROS,GUACHARO,STEATORNIS CARIPENSIS,LC,Preocupación menor,False
808,MAMIFEROS,BUHO CURRUCUTU,MEGASCOPS CHOLIBA,LC,Preocupación menor,False
809,MAMIFEROS,TORTUGA CHARAPA,PODOCNEMIS UNIFILIS,VU,Vulnerable,True
810,MAMIFEROS,GARRAPATERO,MILVAGO CHIMACHIMA,LC,Preocupación menor,False
811,MAMIFEROS,GUACAMAYA ALAS VERDES,ARA CHLOROPTERUS,LC,Preocupación menor,False
812,MAMIFEROS,DIAMANTE BABERO,POEPHILA ACUTICAUDA,LC,Preocupación menor,False
813,REPTILES,TANTILLA,TANTILLA LONGIFRONTALIS,LC,Preocupación menor,False
814,AVES,ANOLIS,ANOLIS FRASERI,LC,Preocupación menor,False
815,REPTILES,PITON BOLA,PYTHON REGIUS,NT,Casi amenazada,False
816,AVES,LORA FRENTIAMARILLA,AMAZONA OCHOCEPHALA,LC,Preocupación menor,False
817,AVES,GARZA NOCTURNA,NYCTICORAX NYCTICORAX,LC,Preocupación menor,False
818,AVES,MOSQUITERO,EMPIDONAX VIRESCENS,LC,Preocupación menor,False
819,AVES,MIELERO COMUN,COEREBA FLAVEOLA,LC,Preocupación menor,False
820,AVES,CARPINTERO,COLAPTES RUBIGINOSUS,LC,Preocupación menor,False
821,AVES,CARPINTERO REAL,DRYOCOPUS LINEATUS,NE,No evaluada,False
822,AVES,POLLA DEL AGUA,PORPHYRIO MARTINICA,LC,Preocupación menor,False
823,REPTILES,CAZADORA,MASTIGODRYAS PLEEI,LC,Preocupación menor,False
824,REPTILES,FALSA CORAL,LAMPROPELTIS MICROPHOLIS,LC,Preocupación menor,False
825,MAMIFEROS,ERIZO,ATELERIX ALBIVENTRIS,LC,Preocupación menor,False
826,AVES,CARPINTERO,DRYOCOPUES LINAOTUS,NE,No evaluada,False
827,AVES,LORA CABEZIAMARILLA,AMAZONA OCHROCEPHALA,LC,Preocupación menor,False
828,AVES,TURPIAL TOCHE,ICTERUS CHRYSOTER,LC,Preocupación menor,False
829,AVES,LORA FRENTIAMARAILLA,AMAZONA OCHROCEPHALA,LC,Preocupación menor,False
830,REPTILES,TORTUGA,TRACHEMYS CALLIROSTRIS,NE,No evaluada,False
831,AVES,COTORRA CARISUCIA,EUPSITTULA PERTINAX,LC,Preocupación menor,False
832,AVES,PASSERIFORME,PASSERIFORMES,NE,No evaluada,False
833,MAMIFEROS,PASSERIFORME,PASSERIFORMES,NE,No evaluada,False
834,AVES,BUHO ANTEOJOS,PULSATRIX PERSPILLATA,LC,Preocupación menor,False
835,AVES,GARZA BLANCA,BUBULCUS IBIS,LC,Preocupación menor,False
836,AVES,GUAMAMAYA AZUL,ARA ARARAUNA,LC,Preocupación menor,False
837,AVES,COLIBRI,GLAUCIS HIRSUTUS,LC,Preocupación menor,False
838,AVES,BIGOTUDO,MALACOPTILA PANAMENSIS,LC,Preocupación menor,False
839,AVES,GALLINA CIEGA,NYCTIDROMUS ALBICOLLIS,LC,Preocupación menor,False
840,REPTILES,CAZADORA,CHIRONIUS MONTICULA,LC,Preocupación menor,False
841,AVES,LORO CABEZA AZUL,PIONUS MESTRUUS,NE,No evaluada,False
842,MAMIFEROS,ZARIGÜEYA,DIDELPHIS MARUPIALIS,LC,Preocupación menor,False
843,AVES,BUHO DE ANTEOJOS,PULSATRIX PERSPILATA,LC,Preocupación menor,False
844,REPTILES,CULEBRA CORDELILLA,IMANTODES CENCHOA,LC,Preocupación menor,False
845,MAMIFEROS,ARDILLLA,NOTOSCIURUS GRANATENSIS,NE,No evaluada,False
846,AVES,PERICO HUILENSE,FORPUS CONSPICILLATUS,LC,Preocupación menor,False
847,AVES,GAVILAN POLLERO,RUPORNIS MAGNIROSTRIS,LC,Preocupación menor,False
848,MAMIFEROS,ZORRO-PERRO,CERDOCYON THOUS,LC,Preocupación menor,False
849,AVES,BARRANQUERO ANDINO,MOMOTUS AEQUATORIALIS,LC,Preocupación menor,False
850,AVES,LORA CABECIAMARILLA,AMAZONA AMAZONICA,LC,Preocupación menor,False
851,REPTILES,TORRTUGA ICOTEA,TRACHEMYS CALLIROSTRIS,NE,No evaluada,False
852,AVES,GAVILAN  GARRAPATERO,MILVAGO CHIMACHIMA,LC,Preocupación menor,False
853,AVES,CHAMON COMÙN,MOLOTHRUS BONARIENSIS,LC,Preocupación menor,False
854,MAMIFEROS,ZARIGÜEYA,CHIRONECTES MINIMUS,LC,Preocupación menor,False
855,AVES,TÓRTOLA,ZENAIDA OURICULATA,NE,No evaluada,False
856,AVES,GAVILAN,RUPORNIS MAGNIROSTRIS,LC,Preocupación menor,False
857,AVES,COLIBRI,FLORISUGA MELLIVORA,LC,Preocupación menor,False
858,AVES,TUCANETA,AULACORHYNCHUS HAEMATOPYGUS,LC,Preocupación menor,False
859,MAMIFEROS,PEREZOS DE DOS DEDOS,CHOLOEPUS HOFFMANNI,LC,Preocupación menor,False
860,AVES,TORTAZA,COLUMBINA TALPACOTI,LC,Preocupación menor,False
861,REPTILES,SABANERA,MASTIGODRYAS PLEEI,LC,Preocupación menor,False
862,REPTILES,CAZADORA,IMANTODES CENCHOA,LC,Preocupación menor,False
863,MAMIFEROS,MARMOSA,MARMOSA,NE,No evaluada,False
864,REPTILES,CORAL,MICRURUS DUMERILII,LC,Preocupación menor,False
865,REPTILES,SERPIENTE CAZADORA,CHIRONIUS MONTICULA,LC,Preocupación menor,False
866,AVES,PASSERIFORMES,PASSERIFORMES,NE,No evaluada,False
867,REPTILES,TORTUGA KINOSTERNON,KINOSTERNON LEUCOSTOMUM,NE,No evaluada,False
868,AVES,CARPINTERO HABADO,MELANERPES RUBRICAPILLUS,LC,Preocupación menor,False
869,AVES,MIELERO VERDE,CHLOROPHANES SPIZA,LC,Preocupación menor,False
870,AVES,CHOTACABRA,CICCABA ALBICOLLIS,NE,No evaluada,False
871,MAMIFEROS,MAPACHE,PROCYON SP.,NE,No evaluada,False
872,AVES,ASOMA,RAMPHOCELUS FLAMMIGERUS,LC,Preocupación menor,False
873,MAMIFEROS,MURCIELAGO,LASIURUS BLOSSEVILLII,LC,Preocupación menor,False
874,MAMIFEROS,GUATIN,DASYPROCTA PUNTACTA,LC,Preocupación menor,False
875,AVES,CARPINTERO BUCHIPECOSO,COLAPTES PUNCTIGULA,LC,Preocupación menor,False
876,AVES,CUCO ARDILLA,PIAYA CAYANA,LC,Preocupación menor,False
877,AVES,LORA CABEZA AZUL,PIONUS MENSTRUUS,LC,Preocupación menor,False
878,REPTILES,CAMALEON VELADO,CHAMAELEO CALYPTRATUS,LC,Preocupación menor,False
879,AVES,COTORRA CABECIAZUL,DIDELPHIS MARSUPIALIS,LC,Preocupación menor,False
880,AVES,MIRLA,MIMUS GILVUS,LC,Preocupación menor,False
881,MAMIFEROS,VENADO COLA BLANCA,ODOCOILEUS VIRGINIANUS,LC,Preocupación menor,False
882,AVES,GUACAMAYA ALIVERDE,ARA CHLOROPTERUS,LC,Preocupación menor,False
883,AVES,VIBORA DE SANGRE,CLELIA CLELIA,LC,Preocupación menor,False
884,MAMIFEROS,ZORRO CAÑERO,CERDOCYON THOUS,LC,Preocupación menor,False
885,MAMIFEROS,PERESOZO DE DOS DEDOS,CHOLOEPUS HOFFMANNI,LC,Preocupación menor,False
886,AVES,ZORSAL,CATHARUS USTULATUS,LC,Preocupación menor,False
887,REPTILES,SERPIENTE CARACOLERA,DIPSAS SANCTICJOANNIS,LC,Preocupación menor,False
888,AVES,COTORRA CABECIAZUL,PIONUS MENSTRUS,LC,Preocupación menor,False
889,AVES,MIELERO,CHLOROPHANES SPIZA,LC,Preocupación menor,False
890,REPTILES,TORTUGA MORROCOY,CHELONOIDS CARBONARA,NE,No evaluada,False
891,AVES,GUARDA CAMINOS,DENDROPHIDION BIVITTATUS,LC,Preocupación menor,False
892,AVES,TORCASA,LEPTOTILA VERREAUXI,LC,Preocupación menor,False
893,AVES,TURPIAL,ICTERUS SPURIUS,LC,Preocupación menor,False
894,REPTILES,TORTUGA MORROCOY,CHELONIDIS CARBONARIA,NE,No evaluada,False
895,AVES,LORA CACHETE AMARILLA,AMAZONA AMAZONICA,LC,Preocupación menor,False
896,REPTILES,SERPIENTE OJO DE GATO,LEPTODEIRA SEPTENTRIONALIS,LC,Preocupación menor,False
897,AVES,GUACAMAYA MILITAR,ARA MILITARIS,VU,Vulnerable,True
898,MAMIFEROS,PEREZOSO,CHOLOEPUS HOFFMANNI,LC,Preocupación menor,False
899,MAMIFEROS,ARMADILLO,DASYPUS NOVEMANCTUS,LC,Preocupación menor,False
900,REPTILES,CULEBRA PICO VERDE,LEPTOPHIS AHAETULLA,LC,Preocupación menor,False
901,REPTILES,VIBORA DE SANGRE,CLELIA CLELIA,LC,Preocupación menor,False
902,MAMIFEROS,GUATINES,DASYPROCTA PUNCTATA,LC,Preocupación menor,False
903,AVES,CUCARACHERO,TROFLODYTES AEDON,NE,No evaluada,False
